pop,electronic,hip hop,R&B,Latin,rock,country,folk,classical,jazz,Blues,easy listening
,,,,,,,,,,,
pop,electronic,hip hop,r&b,latin,rock,country,folk,classical,jazz,blues,easy listening
dance pop,dance,rap,afrobeats,reggaeton,classic rock,arrocha,singer-songwriter,musicals,christmas,doo-wop,kundiman
pov: indie,edm,pop rap,funk,corrido,soft rock,piseiro,indie folk,pentecostal,bossa nova,modern blues,chanson
k-pop,house,trap,gospel,banda,permanent wave,agronejo,acoustic,neoclassical,vocal jazz,jazz blues,soundtrack
indonesian pop,trap funk,desi,soul,corridos tumbados,white noise,brega,neo mellow,medieval,japanese indie,classic blues,children's music
latin pop,pop dance,pop urbaine,reggae,sertanejo,pop rock,red dirt,italian singer-songwriter,video game music,jazz beats,soul blues,schlagerparty
opm,tech house,southern hip hop,disco,trap latino,mellow gold,pagode novo,slowcore,neo-classical,cool jazz,country blues,lounge
j-pop,french house,german hip hop,alternative r&b,grupera,latin rock,sertanejo tradicional,neomelodico,minimalism,nu jazz,rebel blues,adult standards
turkish pop,drift phonk,phonk,motown,urbano latino,new wave,texas country,turbo folk,space music,study beats,boogie-woogie,movie tunes
p-pop,grime,turkish hip hop,pinoy r&b,cumbia,j-rock,dansktop,stomp and holler,classical piano,french jazz,indie quebecois,big band
new wave pop,tropical house,drill,neo soul,mpb,pop punk,alt country,ska punk,epicore,jazz funk,polish blues,hollywood
singer-songwriter pop,melodic house,christian,quiet storm,electro corridos,new romantic,traditional country,christian folk,gregorian chant,smooth jazz,slack-key guitar,electro swing
alt z,afro house,brazilian funk,roots reggae,cumbia norteña,indie,epadunk,folk punk,cancion infantil latinoamericana,swing music,australian garage punk,exotica
hindi pop,slap house,italian trap,afro soul,salsa,hard rock,gothic country,lilith,orchestra,nz reggae,chanson quebecois,polka
worship,ragga,urban contemporary,chinese r&b,ranchera,emo,axe,melancholia,avant-garde,maluku,quebec punk,french movie tunes
t-pop,dangdut,brazilian evangelical music,dark r&b,samba,indonesian indie,bluegrass,dark cabaret,choral,gujarati garba,second line,calypso
anime,tekno,techno,indie soul,latin alternative,argentine rock,tecnobrega,sandalwood,japanese classical,brazilian jazz,atlanta punk,romantico
brazilian pop,funkot,latin hip hop,bedroom r&b,cuarteto,punk,americana,british singer-songwriter,opera,swedish ballads,rap congolais,cartoon
afropop,melodic techno,brazilian hip hop,retro soul,merengue,modern rock,christian country,countrygaze,chamber music,hard bop,cajun,musica per bambini
german pop,amapiano,pop worship,new jack swing,seresta,folk rock,newgrass,modern indie folk,baroque,acid jazz,jug band,nursery
french pop,lo-fi beats,east coast hip hop,sholawat,pagode,album rock,funk melody,indie anthem-folk,reggae cristao,bebop,japanese hardcore,preschool children's music
eurodance,stutter house,desi hip hop,northern soul,salsa romantica,alternative rock,acoustic country,neofolk,early modern classical,latin jazz,italian blues,broadway
desi pop,hardstyle,polish hip hop,dub,cumbia sonidera,country rock,comedy,ambient folk,requiem,jazz fusion,australian blues,scorecore
arabesk,deep house,argentine trap,gospel r&b,bolero,indorock,musica gaucha tradicionalista,neo-psychedelic,uwielbienie,indie jazz,portland punk,british soundtrack
synthpop,electronica,mexican hip hop,indie r&b,nova mpb,hindi indie,brazilian ccm,indiecoustica,marching band,soul jazz,norwegian blues,children's story
europop,hypertechno,melodic rap,hi-nrg,latin indie,shoegaze,brega romantico,german indie,classical guitar,background jazz,memphis indie,british children's music
c-pop,downtempo,vietnamese hip hop,trap queen,flamenco,pinoy rock,bandinhas,alternative americana,ballet class,free jazz,delta blues,french soundtrack
thai pop,uk dance,chilean trap,chill r&b,rkt,post-hardcore,southern gospel,vbs,japanese guitar,chinese bgm,desert blues,classic soundtrack
bedroom pop,ambient,punjabi hip hop,pop r&b,dembow,mexican rock,jam band,australian indie folk,chinderlieder,dinner jazz,deep delta blues,hawaiian
mandopop,big room,russian hip hop,post-disco,turreo,indie rock,funk 150 bpm,ectofolk,spanish classical,smooth saxophone,czech swing,italian soundtrack
indie pop,dark ambient,pinoy hip hop,rap calme,funk consciente,anatolian rock,pop country,canadian singer-songwriter,post-romantic era,ragtime,canadian blues,italian library music
post-teen pop,latin house,brazilian trap,nu disco,mariachi,indian indie,irish country,thai folk,french romanticism,ethiopian jazz,louisiana blues,marimba orquesta
taiwanese pop,drum and bass,french hip hop,contemporary r&b,reggaeton chileno,modern alternative rock,australian country,kurdish folk,british modern classical,tallava,dutch blues,theme
punjabi pop,hard techno,underground hip hop,vapor soul,tejano,ska,musica gaucha,neue volksmusik,military band,reggae cover,medway sound,marimba de guatemala
pinoy indie,disco house,dark trap,classic soul,guaracha,blues rock,danseband,folktronica,renaissance,trap beats,dutch punk,vintage italian soundtrack
ccm,vinahouse,cloud rap,british soul,chilean mambo,brazilian rock,epa dunk,telugu remix,italian baroque,abstract beats,new orleans blues,british dance band
malay pop,lo-fi sleep,finnish hip hop,aussie drill,cantautor,glam rock,nashville singer-songwriter,dutch singer-songwriter,icelandic indie,mecha,early french punk,swing italiano
schlager,trance,hindi hip hop,philly soul,lagu jawa,post-punk,deep new americana,irish singer-songwriter,hindustani classical,detske pisnicky,piedmont blues,vintage hollywood
uk drill,witch house,arabic rap,trap soul,norteno-sax,yacht rock,mega funk,beatlesque,american choir,rare groove,early us punk,canadian soundtrack
tamil pop,dubstep,gangster rap,canadian contemporary r&b,mexican indie,midwest emo,australian indigenous music,australian singer-songwriter,puirt-a-beul,arabic jazz,psychedelic punk,halloween
hyperpop,private school piano,dutch hip hop,uk contemporary r&b,mambo,thai rock,rap df,dutch indie,nordic soundtrack,german oi,electric blues,vintage chanson
italo dance,sad lo-fi,jazz rap,bedroom soul,bachata,lo-fi,lambadao,nashville indie,classical soprano,turkish jazz,classic female blues,deep soundtrack
v-pop,acid techno,emo rap,r&b brasileiro,shatta,christian rock,deep talent show,czech folk,english baroque,israeli indie,fife and drum,marimba mexicana
christian pop,progressive house,moroccan rap,dutch r&b,khaleeji,neue deutsche welle,canadian contemporary country,chamber psych,hengelliset laulut,ecm-style jazz,japanese blues,bajki
egyptian pop,jazz house,thai hip hop,praise,flamenco urbano,christian alternative rock,deep funk ostentacao,australian reggae fusion,french baroque,a cappella,finnish blues,musique tahitienne
k-ballad,bass house,k-rap,pop soul,coverchill,rock-and-roll,country dawn,acoustic folk,indian classical,norwegian jazz,belgian blues,oceania soundtrack
art pop,gabber,dirty south rap,experimental r&b,chicha,surf rock,musique acadienne,swedish singer-songwriter,concert band,italian lounge,garage punk,college a cappella
telugu pop,russian dance,j-rap,korean r&b,huayno,psychedelic rock,alberta country,ukrainian indie,early romantic era,jazz guitar,jump blues,german soundtrack
jersey club,chill house,soca,kenyan r&b,duranguense,rock and roll,czech country,canadian folk,galante era,jazz worship,british blues,christmas product
nederpop,electro house,funk carioca,swedish soul,trova,southern rock,country quebecois,nz folk,norwegian classical,polish jazz,malian blues,vintage schlager
emo pop,bassline,boom bap,lo-fi jazzhop,latin folk,garage rock,canadian country,nz singer-songwriter,latin classical,west african jazz,brazilian blues,panpipe
spanish pop,russelater,country hip hop,rap chretien,zouk,progressive rock,deep contemporary country,icelandic folk,japanese classical performance,background jazz product,memphis blues,library music
swedish pop,uk garage,horrorcore,polish indie,lagu timur,rocksteady,ukulele,arab folk,german baroque,experimental guitar,blues-rock guitar,musica colombiana instrumental
sped up,speedcore,christian hip hop,traditional soul,urbano chileno,art rock,south african country,hindi worship,classical era,judaica,barrelhouse piano,latin soundtrack
colombian pop,funky house,viral rap,go-go,urbano espanol,rockabilly,british country,oth indie,canti alpini,japanese jazz,southern soul blues,jazz trombone
flamenco pop,tribal house,west coast hip hop,smooth soul,kizomba,math rock,zydeco,sinhala indie,african-american classical,psychedelic jazz fusion,northern irish punk,light music
uk pop,lo-fi house,cali rap,australian r&b,reggaeton mexa,australian rock,arkansas indie,austindie,late romantic era,serbian indie,swamp blues,lesen
vocaloid,corecore,manele,r&b italiano,vallenato,chinese rock,queer country,ontario indie,finnish classical,lithuanian indie,piano blues,lagu maluku
mahraganat,new french touch,rap conscient,souldies,vietnamese lo-fi,lovers rock,louvor,modern psychedelic folk,dambora,classic japanese jazz,texas blues,brass ensemble
finnish pop,liquid funk,rap francais,contemporary gospel,popular colombian music,roots rock,ambient country,polish punk,microtonal,italian jazz,australian post-punk,alpine yodeling
italian pop,g-house,chinese hip hop,slow game,son cubano,celtic rock,fotbollslatar,muzica crestina,orthodox chant,jazz catala,blues band,accordeon
folk pop,jungle,czsk hip hop,boogie,rock urbano,proto-punk,rez country,adventista,operetta,carnatic,pre-war blues,lagu sabahan
kayokyoku,future bass,egyptian hip hop,scandinavian r&b,urbano mexicano,cold wave,college marching band,roots worship,english renaissance,belgian modern jazz,belgian punk,man's orchestra
city pop,3 step,new york drill,afrofuturism,timba,reggae rock,fort worth indie,south carolina indie,italian renaissance,hot jazz,punk blues,covertrance
dream pop,future house,breakcore,neo r&b,tropical music,electroclash,stl indie,sunnlensk tonlist,early music ensemble,jazz brass,indonesian blues,tin pan alley
cantopop,neoperreo,thai trap,synth funk,pagode baiano,finnish rock,australian americana,women's music,gospel italiano,carnatic instrumental,garage punk blues,stubenmusik
indietronica,organic house,riddim,german r&b,cumbia peruana,symphonic rock,classic australian country,canadian indie folk,anglican liturgy,gypsy jazz,chicago blues,canadian comedy
malaysian pop,australian indie,meme rap,austrian indie,francoton,industrial,australian alt-country,spanish indie folk,musica sarda,turkish modern jazz,rhythm and blues,children's choir
chamber pop,progressive trance,rage rap,brass band,folklore argentino,grunge,albany ny indie,israeli folk,italian opera,tzadik,garage rock revival,west end
russian pop,minimal techno,swedish hip hop,norsk lovsang,champeta,chillwave,hamilton on indie,indie siciliano,german romanticism,backing track,german blues,vocal harmony group
britpop,bass music,sad rap,classic praise,rap espanol,k-rock,finlandssvenska musik,dunedin indie,french classical piano,south african jazz,german ska,italian mandolin
moroccan pop,brazilian bass,memphis rap,oc indie,nueva trova,industrial rock,new england americana,hungarian folk,british brass band,norwegian contemporary jazz,south african punk,swing revival
italian adult pop,budots,nerdcore,beach music,kuduro,honky tonk,australian hardcore,experimental indie,german renaissance,eastern bloc groove,gospel blues,stride
gufeng,hard house,malayalam hip hop,p funk,pop romantico,deathrock,alaska indie,irish indie,german literature,experimental percussion,spanish blues,harlem renaissance
trip hop,pop edm,alternative hip hop,memphis soul,música tropical,modern folk rock,djecje pjesme,russian folk,21st century classical,fisarmonica,gospel singers,horror synth
hip pop,moombahton,indie pop rap,new jack smooth,forro tradicional,emocore,dallas indie,canadian indigenous music,nordic contemporary classical,australian jazz,swedish blues,jazz clarinet
oyun havasi,cedm,atl hip hop,tarantella,bacardi,madchester,neo-traditional country,korean indie folk,british classical piano,modern free jazz,harmonica blues,hula
malayalam pop,japanese vgm,hardcore hip hop,south african r&b,mexican ska,funk rock,el paso indie,swiss folk,demoscene,swiss jazz,traditional blues,indonesian emo
gen z singer-songwriter,big beat,brooklyn drill,bulgarian r&b,musica para ninos,stoner rock,musica timor-leste,asheville indie,mexican classical,scottish jazz,acoustic blues,instrumental surf
norwegian pop,rally house,norwegian hip hop,norwegian gospel,fado,classic canadian rock,dragspel,american primitive,american contemporary classical,faroese jazz,,sesame street
disco polo,pop house,crunk,deep funk,rhumba,post-rock,vaqueiro,nl folk,british contemporary classical,danish jazz,,blaskapelle
brega funk,psytrance,experimental hip hop,gospel soul,latin afrobeat,alternative dance,wyoming indie,muzica usoara,american 21st century classical,belgian jazz,,euphonium
nightcore,sovietwave,polish trap,funktronica,tango,turkish rock,forro gospel,italian folk,contemporary classical,music hall,,swing
mollywood,gaming edm,portuguese hip hop,finnish soul,zouk riddim,space rock,forro manauara,charlotte nc indie,swedish classical,norwegian experimental,,modern big band
haryanvi pop,chillstep,anime rap,southern soul,vietnamese bolero,levenslied,deep orgcore,swiss indie folk,turkish classical,classical jazz fusion,,ballroom
acoustic pop,uk funky,cumbia 420,slam poetry,techengue,acid rock,forro de favela,manitoba indie,american modern classical,frafra,,modern swing
girl group,hip house,spanish hip hop,indonesian r&b,deep latin christian,noise rock,family gospel,dong-yo,baltic classical,contemporary jazz,,andean flute
classic country pop,metropopolis,hyphy,japanese r&b,chilean indie,electronic rock,chamame brasilero,neo-pagan,oriental classical,greek jazz,,moog
electropop,covertronica,czech hip hop,screamocore,musica infantil,indie garage rock,classic nz country,edmonton indie,classical percussion,german jazz,,volkstumliche musik
modern country pop,deathstep,tamil hip hop,deep northern soul,salsa international,rap rock,czech punk,popgaze,detskie rasskazy,galician jazz,,drama
chinese indie,melbourne bounce,swedish trap,early reggae,previa,polish rock,classic oklahoma country,pei indie,classical trombone,contemporary post-bop,,jazz orchestra
swedish trap pop,chicago house,canadian hip hop,chicago soul,samba moderno,piano rock,truck-driving country,korean bl ost,canadian classical,lo-fi product,,dixieland
polish pop,melodic bass,malay rap,post-disco soul,manguebeat,arena rock,classic texas country,mluvene slovo,italian soprano,haitian vodou drumming,,salon music
italo disco,breakbeat,danish hip hop,popping,pop venezolano,english indie rock,viola caipira,columbus ohio indie,classical baritone,metis fiddle,,deutsch disney
hardcore techno,drone,miami bass,deep motown,pop peruano,gymcore,canadian americana,corsican folk,russian contemporary classical,hammond organ,,canadian children's music
boy band,philly club,detroit hip hop,old school dancehall,gaita zuliana,russian rock,country boogie,ukrainian folk,portuguese early music,neo-shibuya-kei,,musique pour enfant quebecois
pixel,drumstep,afrikaans,japanese soul,cumbia sonorense,new rave,pop nacional antigas,basque folk,opera chorus,experimental jazz,,show tunes
mizrahi,acid house,indie hip hop,brit funk,cumbia ecuatoriana,indie punk,bakersfield sound,traditional english folk,austrian classical piano,bossa nova jazz,,deep surf music
luk thung,progressive electro house,freestyle,funky breaks,pop argentino,bisrock,cosmic american,czech singer-songwriter,marimba,harmonica jazz,,spytrack
ukrainian pop,indie dance,swedish gangsta rap,r&b argentino,latin talent show,british invasion,neo honky tonk,baltic folk,classical harp,danish modern jazz,,deep eurodance
talent show,slowed and reverb,russian gangster rap,deep smooth r&b,rock catala,ukrainian rock,arkansas country,michigan indie,classical guitar quartet,hindustani vocal,,deep adult standards
taiwanese indie,liminal space,russian trap,brazilian soul,spanish new wave,merseybeat,funk das antigas,okinawan folk,classical guitar duo,russian modern jazz,,trad jazz catala
meme,piano house,norwegian rap,bboy,rap romantico,psychobilly,east coast reggae,armenian folk,classical flute,honky-tonk piano,,
phleng phuea chiwit,vapor twitch,memphis hip hop,r&b en espanol,folklore chileno,canadian rock,progressive bluegrass,belarusian indie,canadian classical piano,ska jazz,,
viral pop,footwork,polish viral rap,deep southern soul,rap maromba,spanish rock,bush ballad,wellington indie,classical drill,experimental big band,,
marathi pop,diva house,rap cristiano,instrumental soul,rap canario,yugoslav rock,country road,romanian folk,barockinterpreten,avant-garde jazz,,
french indie pop,klubowe,cloud rap francais,modern funk,hinos ccb,crank wave,funk ostentacao,cymraeg,classical horn,icelandic jazz,,
indie poptimism,baltimore club,conscious hip hop,new orleans soul,musica llanera,pixie,contemporary country,latvian folk,laboratorio,contemporary vocal jazz,,
classic swedish pop,gym hardstyle,deboxe,minneapolis sound,electro latino,swedish alternative rock,german country,vermont indie,classical mandolin,indian jazz,,
baroque pop,australian dance,viet chill rap,instrumental funk,musica instrumental cristiana,experimental,swiss country,slovak folk,minnesang,cabaret,,
latin arena pop,rhythm game,edm trap,street band,pop chileno,drill francais,gospel antigas,caucasian folk,classical mezzo-soprano,indian violin,,
bangla pop,french indietronica,aesthetic rap,new orleans funk,argentine reggae,small room,gothic americana,malagasy folk,new zealand classical,modern jazz piano,,
dutch rap pop,saxophone house,deep underground hip hop,mento,reggaeton flow,czech rock,brega saudade,scottish indie folk,classical oboe,chinese jazz,,
synthwave,speedrun,viral trap,black comedy,cueca chilena,classic russian rock,tulsa indie,macedonian folk,classical cello,musique alsacienne,,
otacore,charva,miami hip hop,traditional funk,musica triste brasileira,krautrock,brega paraense,estonian folk,classical organ,indonesian jazz,,
shibuya-kei,deep groove house,florida rap,deep r&b,rap politico,indie surf,vintage radio show,newfoundland indie,reading,new orleans jazz,,
happy hardcore,wonky,polish alternative rap,psychedelic soul,super eurobeat,acoustic rock,clean comedy,welsh folk,classical clarinet,irish modern jazz,,
latin viral pop,livetronica,smutny rap,deep disco,samba reggae,hungarian rock,western americana,bulgarian folk,classical countertenor,brazilian modern jazz,,
bubblegum pop,canadian electronic,chicago rap,language,cantautora mexicana,australian alternative rock,new orleans americana,boeremusiek,classical performance,chill lounge,,
albanian pop,turkish edm,bass trap,electro-pop francais,rap underground espanol,bubblegrunge,yodeling,faroese folk,chamber orchestra,plunderphonics,,
modern indie pop,deep euro house,nyc rap,vintage reggae,cumbia uruguaya,czech pop rock,north carolina roots,pontian folk,canadian choir,israeli jazz,,
weirdcore,traprun,florida drill,afro r&b,boom bap espanol,canadian indie,musica sul-mato-grossense,lok dohori,baroque cello,portuguese jazz,,
czech pop,aussietronica,spoken word,,musica catalana,israeli rock,novos talentos brasileiros,faroese indie,classical piano duo,italian contemporary jazz,,
gujarati pop,remix brasileiro,atl trap,,indie catala,belgian rock,musica tocantinense,experimental psych,jugendchor,deep vocal jazz,,
dansband,russian rave,albanian hip hop,,pop costarricense,thai indie rock,ok indie,traditional scottish folk,classical piano quartet,ethnomusicology,,
kannada pop,organic ambient,punk rap,,rap montrealais,irish rock,nashville americana,chinese post-punk,classical bass,rock drums,,
la pop,mundart,german viral rap,,latin worship,post-screamo,oshare kei,norwegian folk,classical piano trio,italian jazz fusion,,
bachata pop,eurotrance,frauenrap,,reparto,novelty,nashville sound,finnish folk,microsound,saxophone trio,,
danish pop,latintronica,atl drill,,latin ska,turkish alternative rock,deathgrass,siberian folk,classical saxophone,contrabass,,
vaporwave,ballroom vogue,latin viral rap,,russian punk,kolsche karneval,neo-traditional bluegrass,spanish folk,musica antigua,deep smooth jazz,,
psychedelic pop,pop quebecois,new school turkce rap,,trap peruano,british alternative rock,danspunk,guitar case,classical saxophone quartet,chill groove,,
social media pop,hip-hop experimental,greek drill,,post-punk argentina,deutschrock,instrumental bluegrass,rusyn folk,austrian choir,bass trip,,
egyptian shaabi,dark clubbing,pluggnb,,pop urbano,maimouna,denton tx indie,vintage old-time,cambridge choir,audiophile vocal,,
bhojpuri pop,deep disco house,hip hop quebecois,,trova mexicana,lo-fi indie,australian comedy,hampton roads indie,australian classical,folclore salteno,,
canadian pop,hungarian edm,polish underground rap,,bases de freestyle,nepali indie,iowa indie,hurdy-gurdy,classical string trio,experimental vocal,,
jangle pop,swiss indie,lo-fi rap,,spanish invasion,euskal rock,norwegian country,christian indie folk,orchestral soundtrack,swedish jazz orkester,,
power pop,vgm remix,punjabi lo-fi,,cantautor catala,british indie rock,bluegrass gospel,houston indie,classical tenor,lithuanian jazz,,
australian pop,polish reggae,kazakh hip hop,,punk euskera,nyc indie rock,ny roots,galician folk,polish contemporary classical,ethio-jazz,,
carnaval,cape town indie,new jersey rap,,argentine indie,croatian rock,italian punk,central asian folk,spanish baroque,free improvisation,,
mexican pop,rave,bounce,,villancicos,belgian indie,oklahoma country,himalayan folk,american orchestra,deep jazz fusion,,
hungarian pop,sung poetry,uk alternative hip hop,,cubaton,philly indie,bluegrass fiddle,heligonka,swedish choir,japanese jazz fusion,,
polish viral pop,arab electronic,greek trap,,urbano ecuatoriano,chicago indie,outlaw country,american folk revival,cello,dub poetry,,
bossbeat,full on,swedish pop rap,,cornetas y tambores,riot grrrl,jamgrass,french psychedelic,tanci,japanese vocal jazz,,
visual kei,balearic,czsk emo rap,,trap triste,indie rockism,piada,tamil devotional,serialism,lo-fi latino,,
sillycore,j-ambient,scam rap,,latin dance,solo wave,jesus movement,ohio indie,classical contralto,japanese worship,,
classic uk pop,workout product,singeli,,peruvian indie,portuguese rock,austin singer-songwriter,uk americana,spanish renaissance,mallet,,
classic russian pop,sky room,hungarian hip hop,,bgm,brooklyn indie,austin americana,pakistani folk,classical trumpet,jazz accordion,,
thai indie pop,ritmo kombina,vietnamese trap,,chilena,spanish modern rock,pop rap brasileiro,indian folk,swiss contemporary classical,british jazz,,
shimmer pop,indie electronic,russian emo rap,,regional mexicano femenil,kiwi rock,san antonio indie,gypsy punk,classical tuba,aarhus indie,,
russian alt pop,sigilkore,canadian trap,,euskal musica,italian pop rock,kalmar indie,balfolk,trecento,jazz boliviano,,
lo-fi chill,russian electronic,uk hip hop,,venezuelan indie,romanian rock,cowboy western,indian singer-songwriter,cologne indie,estonian jazz,,
persian pop,jamtronica,greek underground rap,,,classic hungarian rock,arrochadeira,polish folk,,modern jazz trio,,
dutch pop,dubsteppe,alabama rap,,,spanish pop rock,kentucky indie,catalan folk,,electroacoustic improvisation,,
j-dance,balkan beats,belgian hip hop,,,boston rock,roots americana,deep german punk,,musica feirense,,
nyc pop,balkan brass,australian hip hop,,,new jersey indie,kentucky roots,indie asturiana,,jazz composition,,
modern alternative pop,polish electronica,electro,,,modern j-rock,san marcos tx indie,scottish gaelic folk,,neo soul-jazz,,
acoustic cover,tech trance,greek hip hop,,,polish alternative rock,knoxville indie,cape verdean folk,,jazz double bass,,
nepali pop,float house,dmv rap,,,double drumming,skansk musik,danish singer-songwriter,,new delhi indie,,
funk pop,broken beat,bulgarian trap,,,icelandic rock,black americana,indie folk argentino,,jazz drums,,
swedish idol pop,minimal tech house,magyar trap,,,modern hard rock,southern americana,stomp and flutter,,finnish jazz,,
westcoast flow,deep pop edm,hard motivation,,,rock quebecois,lexington ky indie,indie folk italiano,,jazz flute,,
acoustic chill,persian electronic,german trap,,,bay area indie,steel guitar,algerian folk,,dortmund indie,,
la indie,icelandic electronic,rap inde,,,britpop revival,mandolin,french indie folk,,electro jazz,,
dark pop,leipzig electronic,polish old school hip hop,,,alternative pop rock,swedish country,albanian folk,,nz jazz,,
spanish indie pop,gypsy fusion,slovak hip hop,,,scottish rock,manitoba country,indie singer-songwriter,,electric bass,,
neon pop punk,chiptune,swiss hip hop,,,wrock,alternative country,ainu folk,,pakistani indie,,
sinhala pop,bergen indie,old school rap francais,,,russian alternative rock,batidao romantico,indie viet,,czech jazz,,
country pop,seggae,dutch trap,,,swedish indie rock,traditional bluegrass,acoustic punk,,polish free jazz,,
scandipop,gothenburg indie,balkan trap,,,modern hardcore,memphis americana,cape breton indie,,jazz guitar trio,,
chill pop,northeast indian indie,dfw rap,,,writing,traditional reggae,garifuna folk,,polish modern jazz,,
hopebeat,indian edm,persian hip hop,,,modern country rock,midwest americana,indonesian folk,,jazz harp,,
turkish alt pop,jumpstyle,south african hip hop,,,african rock,tucson indie,drone psych,,progressive jazz fusion,,
romanian pop,soulful house,toronto rap,,,canadian indie rock,milwaukee indie,indy indie,,jazz organ,,
croatian pop,indonesian edm,ukrainian hip hop,,,seattle indie,alandsk musik,old-time,,qanun,,
kazakh viral pop,pop ambient,uk desi rap,,,brighton indie,modern uplift,irish folk,,jazz piano,,
panamanian pop,indie veneto,persian melodic rap,,,tagalog worship,vintage gospel,bahamian folk,,rap catarinense,,
ukrainian viral pop,elektropunk,houston rap,,,kurdish rock,montana roots,irish gaelic folk,,jazz puertorriqueno,,
bow pop,myanmar indie,detroit trap,,,danish alternative rock,vintage western,pastoral,,beat poetry,,
speed up turkce,mongolian alternative,speed plug brasileiro,,,south african rock,baptist gospel,french folk,,jazz quartet,,
lithuanian pop,czech electronic,russian viral rap,,,brisbane indie,west virginia indie,autoharp,,russian jazz,,
swedish electropop,detroit house,lo-fi vgm,,,canadian psychedelic rock,banjo,cape breton folk,,jazz saxophone,,
candy pop,full on groove,pinoy alternative rap,,,magyar mulatos,western swing,rajasthani folk,,samba-jazz,,
escape room,idm,persian sad rap,,,quebec indie,musica goiana,free folk,,uk contemporary jazz,,
channel pop,lithuanian electronic,soul flow,,,gainesville indie,wyoming roots,deep german indie,,school ensemble,,
kurdish pop,hardgroove,arab trap,,,australian indie rock,musica mato-grossense,freak folk,,vaudeville,,
belgian pop,polish ambient,chill abstract hip hop,,,munich indie,gotlandsk musik,saskatchewan indie,,semarang indie,,
classic malaysian pop,nu skool breaks,slovak trap,,,boston indie,country gospel,charlottesville indie,,vintage jazz,,
bosnian pop,neo-proto,beatboxing,,,atlanta indie,,sefardi,,sitar,,
icelandic pop,minimal melodic techno,balkan hip hop,,,bristol indie,,italogaze,,south african modern jazz,,
muziek voor kinderen,turkish deep house,romanian rap,,,albanian rock,,appalachian folk,,skiffle,,
kazakh pop,stateside dnb,asian american hip hop,,,london indie,,yiddish folk,,spiritual jazz,,
soft pop,russian edm,st louis rap,,,vancouver indie,,anthem worship,,bal-musette,,
classic finnish pop,eletronica underground brasileira,croatian hip hop,,,oxford indie,,folk brasileiro,,straight-ahead jazz,,
comedie musicale,dutch trance,north carolina hip hop,,,manchester indie,,spirituals,,washboard,,
anime score,electronica venezuela,rap italiano old school,,,bulgarian rock,,japanese psychedelic,,finnish modern jazz,,
tontipop,electronica peruana,dream plugg,,,hamburg indie,,string band,,spanish jazz,,
uk alternative pop,deep funk house,romanian trap,,,rock viet,,kannada bhava geethe,,deep free jazz,,
kosovan pop,electro trash,deep southern trap,,,oakland indie,,swedish indie folk,,steelpan,,
burmese pop,progressive psytrance,azeri rap,,,aussie emo,,karelian folk,,jazz violin,,
teen pop,rap abc paulista,lgbtq+ hip hop,,,queercore,,crack rock steady,,deep latin jazz,,
slovak pop,epic collage,kids dance party,,,kazakh indie,,kentucky mountain folk,,jazzcore,,
indie electropop,destroy techno,lithuanian trap,,,deep christian rock,,tavern,,swedish jazz,,
assamese pop,estonian electronic,psychedelic hip hop,,,connecticut indie,,flemish folk,,jazztronica,,
jazz pop,australian house,chicago drill,,,swiss rock,,alabama indie,,austrian jazz,,
antiviral pop,ethnotronica,london rap,,,athens indie,,kosovan folk,,dutch jazz,,
classic persian pop,mexican edm,baton rouge rap,,,minneapolis indie,,geek folk,,tabla,,
kavkaz,euphoric hardstyle,lithuanian hip hop,,,indie rock peruano,,german shoegaze,,khayal,,
hands up,bulgarian indie,swiss trap,,,alternative roots rock,,tuvan folk,,,,
neomelodici,euro hi-nrg,palestinian alternative,,,scottish indie rock,,lafayette indie,,,,
nz pop,nitzhonot,gothenburg hip hop,,,peruvian rock,,afrikaans folk,,,,
jirai kei,deep flow,nz hip hop,,,punk rock,,german indie folk,,,,
,,,,,miami indie,,,,,,
,,,,,lithuanian rock,,,,,,
,,,,,electrofox,,,,,,
,,,,,dutch indie rock,,,,,,
,,,,,estonian rock,,,,,,
,,,,,persian rock,,,,,,
,,,,,indie rock italiano,,,,,,
,,,,,melbourne indie,,,,,,
,,,,,baltimore indie,,,,,,
,,,,,toronto indie,,,,,,
,,,,,nottingham indie,,,,,,
,,,,,outsider,,,,,,
,,,,,portland indie,,,,,,
,,,,,nz indie,,,,,,
,,,,,detroit indie,,,,,,
,,,,,irish indie rock,,,,,,
,,,,,malang indie,,,,,,
,,,,,venezuelan rock,,,,,,
,,,,,auckland indie,,,,,,
,,,,,olympia wa indie,,,,,,
,,,,,russian folk rock,,,,,,
,,,,,louisville indie,,,,,,
,,,,,phoenix indie,,,,,,
,,,,,scottish indie,,,,,,
,,,,,traditional rockabilly,,,,,,
,,,,,perth indie,,,,,,
,,,,,gbvfi,,,,,,
,,,,,victoria bc indie,,,,,,
,,,,,telugu worship,,,,,,
,,,,,welsh rock,,,,,,
,,,,,belgian indie rock,,,,,,
,,,,,buffalo ny indie,,,,,,
,,,,,welsh indie,,,,,,
,,,,,slovenian rock,,,,,,
,,,,,rhode island indie,,,,,,
,,,,,nwocr,,,,,,
,,,,,canadian post-punk,,,,,,
,,,,,omaha indie,,,,,,
,,,,,liverpool indie,,,,,,
,,,,,birmingham indie,,,,,,
,,,,,kent indie,,,,,,
,,,,,ghent indie,,,,,,
,,,,,dublin indie,,,,,,
,,,,,midwest shoegaze,,,,,,
,,,,,spanish folk rock,,,,,,
,,,,,moderne ludovky,,,,,,
,,,,,taiwan rock,,,,,,
,,,,,halifax indie,,,,,,
,,,,,italian new wave,,,,,,
,,,,,leeds indie,,,,,,
,,,,,kindie rock,,,,,,
,,,,,cincinnati indie,,,,,,
,,,,,rochester ny indie,,,,,,
,,,,,mod revival,,,,,,
,,,,,sheffield indie,,,,,,
,,,,,bali indie,,,,,,
,,,,,dc indie,,,,,,
,,,,,new orleans indie,,,,,,
,,,,,pittsburgh indie,,,,,,
,,,,,austin rock,,,,,,